-- phpMyAdmin SQL Dump
-- version 5.2.0
-- https://www.phpmyadmin.net/
--
-- Host: 127.0.0.1
-- Generation Time: Oct 22, 2022 at 05:46 PM
-- Server version: 10.4.24-MariaDB
-- PHP Version: 7.4.29

SET SQL_MODE = "NO_AUTO_VALUE_ON_ZERO";
START TRANSACTION;
SET time_zone = "+00:00";


/*!40101 SET @OLD_CHARACTER_SET_CLIENT=@@CHARACTER_SET_CLIENT */;
/*!40101 SET @OLD_CHARACTER_SET_RESULTS=@@CHARACTER_SET_RESULTS */;
/*!40101 SET @OLD_COLLATION_CONNECTION=@@COLLATION_CONNECTION */;
/*!40101 SET NAMES utf8mb4 */;

--
-- Database: `penilaian`
--

-- --------------------------------------------------------

--
-- Table structure for table `contoh`
--

CREATE TABLE `contoh` (
  `idconoth` int(11) NOT NULL,
  `isis` varchar(255) NOT NULL
) ENGINE=InnoDB DEFAULT CHARSET=utf8mb4;

-- --------------------------------------------------------

--
-- Table structure for table `pemantik_sess`
--

CREATE TABLE `pemantik_sess` (
  `id` varchar(128) NOT NULL,
  `ip_address` varchar(45) NOT NULL,
  `timestamp` int(10) UNSIGNED NOT NULL DEFAULT 0,
  `data` blob NOT NULL
) ENGINE=InnoDB DEFAULT CHARSET=utf8mb4;

--
-- Dumping data for table `pemantik_sess`
--

INSERT INTO `pemantik_sess` (`id`, `ip_address`, `timestamp`, `data`) VALUES
('5lf4po3n1oohe0gn2369lllvdlohhccs', '::1', 1666406140, 0x5f5f63695f6c6173745f726567656e65726174657c693a313636363430363134303b69645f75736572737c733a323a223135223b69647361746b65727c733a323a223132223b66756c6c5f6e616d657c733a31313a2241646d696e204d6f6e6576223b656d61696c7c733a31343a226d6f6e6576406d61696c2e636f6d223b70617373776f72647c733a36303a2224327924303424756275354553623855422e5674793772674754592f657564485331316c6878655a5731724c5a503636354e772f316a713461614332223b696d616765737c733a31313a2270726f66696c652e706e67223b69645f757365725f6c6576656c7c733a313a2232223b69735f616b7469667c733a313a2279223b6a61626174616e7c733a313a2230223b746168756e7c733a343a2232303232223b7472637c733a313a2231223b),
('41h906l031e4vsjio3qah3uetg0gu2mi', '::1', 1666406692, 0x5f5f63695f6c6173745f726567656e65726174657c693a313636363430363639323b69645f75736572737c733a313a2237223b69647361746b65727c733a313a2231223b66756c6c5f6e616d657c733a32303a224b4b50204b656c61732049204d616b6173736172223b656d61696c7c733a31323a226b6b31406d61696c2e636f6d223b70617373776f72647c733a36303a22243279243034244b6d49312f39656e394d6c307056754f78516d4d452e33384e6e6748353035725453343047304b7a6b55485474776573344e6d3775223b696d616765737c733a31383a2261746f6d69785f757365723331312e706e67223b69645f757365725f6c6576656c7c733a313a2233223b69735f616b7469667c733a313a2279223b6a61626174616e7c733a313a2232223b746168756e7c733a343a2232303232223b7472637c733a313a2231223b),
('9v9cfc7mpc8uifude9b0q6uifsoqlbs3', '::1', 1666493788, 0x5f5f63695f6c6173745f726567656e65726174657c693a313636363439333738383b69645f75736572737c733a313a2237223b69647361746b65727c733a313a2231223b66756c6c5f6e616d657c733a32303a224b4b50204b656c61732049204d616b6173736172223b656d61696c7c733a31323a226b6b31406d61696c2e636f6d223b70617373776f72647c733a36303a22243279243034244b6d49312f39656e394d6c307056754f78516d4d452e33384e6e6748353035725453343047304b7a6b55485474776573344e6d3775223b696d616765737c733a31383a2261746f6d69785f757365723331312e706e67223b69645f757365725f6c6576656c7c733a313a2233223b69735f616b7469667c733a313a2279223b6a61626174616e7c733a313a2232223b746168756e7c733a343a2232303232223b7472637c733a313a2231223b75706c6f61645f62756b74697c733a33353a2276657262616c5f6b6f6e6669726d6173695f6c6170616e67616e5f50544d312e706466223b),
('qk8u9lihl18h7dartvm6nkt5lp4e7hkh', '::1', 1666493801, 0x5f5f63695f6c6173745f726567656e65726174657c693a313636363439333738383b69645f75736572737c733a313a2237223b69647361746b65727c733a313a2231223b66756c6c5f6e616d657c733a32303a224b4b50204b656c61732049204d616b6173736172223b656d61696c7c733a31323a226b6b31406d61696c2e636f6d223b70617373776f72647c733a36303a22243279243034244b6d49312f39656e394d6c307056754f78516d4d452e33384e6e6748353035725453343047304b7a6b55485474776573344e6d3775223b696d616765737c733a31383a2261746f6d69785f757365723331312e706e67223b69645f757365725f6c6576656c7c733a313a2233223b69735f616b7469667c733a313a2279223b6a61626174616e7c733a313a2232223b746168756e7c733a343a2232303232223b7472637c733a313a2231223b75706c6f61645f62756b74697c733a33353a2276657262616c5f6b6f6e6669726d6173695f6c6170616e67616e5f50544d312e706466223b),
('3rlu8j2jb4ne63luhjauvv75dpi6m5qq', '::1', 1666494165, 0x5f5f63695f6c6173745f726567656e65726174657c693a313636363439343136353b69645f75736572737c733a313a2237223b69647361746b65727c733a313a2231223b66756c6c5f6e616d657c733a32303a224b4b50204b656c61732049204d616b6173736172223b656d61696c7c733a31323a226b6b31406d61696c2e636f6d223b70617373776f72647c733a36303a22243279243034244b6d49312f39656e394d6c307056754f78516d4d452e33384e6e6748353035725453343047304b7a6b55485474776573344e6d3775223b696d616765737c733a31383a2261746f6d69785f757365723331312e706e67223b69645f757365725f6c6576656c7c733a313a2233223b69735f616b7469667c733a313a2279223b6a61626174616e7c733a313a2232223b746168756e7c733a343a2232303232223b),
('v61u37a5las64615859mvcos4ilv5uo2', '::1', 1666495019, 0x5f5f63695f6c6173745f726567656e65726174657c693a313636363439353031393b69645f75736572737c733a313a2237223b69647361746b65727c733a313a2231223b66756c6c5f6e616d657c733a32303a224b4b50204b656c61732049204d616b6173736172223b656d61696c7c733a31323a226b6b31406d61696c2e636f6d223b70617373776f72647c733a36303a22243279243034244b6d49312f39656e394d6c307056754f78516d4d452e33384e6e6748353035725453343047304b7a6b55485474776573344e6d3775223b696d616765737c733a31383a2261746f6d69785f757365723331312e706e67223b69645f757365725f6c6576656c7c733a313a2233223b69735f616b7469667c733a313a2279223b6a61626174616e7c733a313a2232223b746168756e7c733a343a2232303232223b),
('glbp3gjndjk63uqs35abh8l8dtgb2ova', '::1', 1666495359, 0x5f5f63695f6c6173745f726567656e65726174657c693a313636363439353335393b69645f75736572737c733a313a2237223b69647361746b65727c733a313a2231223b66756c6c5f6e616d657c733a32303a224b4b50204b656c61732049204d616b6173736172223b656d61696c7c733a31323a226b6b31406d61696c2e636f6d223b70617373776f72647c733a36303a22243279243034244b6d49312f39656e394d6c307056754f78516d4d452e33384e6e6748353035725453343047304b7a6b55485474776573344e6d3775223b696d616765737c733a31383a2261746f6d69785f757365723331312e706e67223b69645f757365725f6c6576656c7c733a313a2233223b69735f616b7469667c733a313a2279223b6a61626174616e7c733a313a2232223b746168756e7c733a343a2232303232223b),
('p0ehtsdcch5tspu52e9d1oqr1dgm98fm', '::1', 1666497819, 0x5f5f63695f6c6173745f726567656e65726174657c693a313636363439373831393b69645f75736572737c733a313a2237223b69647361746b65727c733a313a2231223b66756c6c5f6e616d657c733a32303a224b4b50204b656c61732049204d616b6173736172223b656d61696c7c733a31323a226b6b31406d61696c2e636f6d223b70617373776f72647c733a36303a22243279243034244b6d49312f39656e394d6c307056754f78516d4d452e33384e6e6748353035725453343047304b7a6b55485474776573344e6d3775223b696d616765737c733a31383a2261746f6d69785f757365723331312e706e67223b69645f757365725f6c6576656c7c733a313a2233223b69735f616b7469667c733a313a2279223b6a61626174616e7c733a313a2232223b746168756e7c733a343a2232303232223b),
('10ic9k1dqdeo9evmmrkcjf88k2bml7pp', '::1', 1666413248, 0x5f5f63695f6c6173745f726567656e65726174657c693a313636363431333234383b69645f75736572737c733a323a223131223b69647361746b65727c733a313a2231223b66756c6c5f6e616d657c733a32363a224b6570616c61204b4b50204b656c61732031206d616b61736172223b656d61696c7c733a31333a226b6b3131406d61696c2e636f6d223b70617373776f72647c733a36303a22243279243034247a65457839317572454d71356d4b526d4a736768696573554a667357315a6e6142693447435a5164717576314d567848436e556553223b696d616765737c733a31313a2270726f66696c652e706e67223b69645f757365725f6c6576656c7c733a313a2233223b69735f616b7469667c733a313a2279223b6a61626174616e7c733a313a2231223b746168756e7c733a343a2232303232223b),
('8nk82na81ulrr3mpdqkq0fqcvrtd9ul8', '::1', 1666413681, 0x5f5f63695f6c6173745f726567656e65726174657c693a313636363431333638313b69645f75736572737c733a323a223131223b69647361746b65727c733a313a2231223b66756c6c5f6e616d657c733a32363a224b6570616c61204b4b50204b656c61732031206d616b61736172223b656d61696c7c733a31333a226b6b3131406d61696c2e636f6d223b70617373776f72647c733a36303a22243279243034247a65457839317572454d71356d4b526d4a736768696573554a667357315a6e6142693447435a5164717576314d567848436e556553223b696d616765737c733a31313a2270726f66696c652e706e67223b69645f757365725f6c6576656c7c733a313a2233223b69735f616b7469667c733a313a2279223b6a61626174616e7c733a313a2231223b746168756e7c733a343a2232303232223b),
('ufg7b79g89dod7i3d7u83e43kova1hcj', '::1', 1666414241, 0x5f5f63695f6c6173745f726567656e65726174657c693a313636363431343234313b69645f75736572737c733a323a223131223b69647361746b65727c733a313a2231223b66756c6c5f6e616d657c733a32363a224b6570616c61204b4b50204b656c61732031206d616b61736172223b656d61696c7c733a31333a226b6b3131406d61696c2e636f6d223b70617373776f72647c733a36303a22243279243034247a65457839317572454d71356d4b526d4a736768696573554a667357315a6e6142693447435a5164717576314d567848436e556553223b696d616765737c733a31313a2270726f66696c652e706e67223b69645f757365725f6c6576656c7c733a313a2233223b69735f616b7469667c733a313a2279223b6a61626174616e7c733a313a2231223b746168756e7c733a343a2232303232223b),
('p0bqsbhqtjo6ouqlm08ju6o1pf17c8ue', '::1', 1666414591, 0x5f5f63695f6c6173745f726567656e65726174657c693a313636363431343539313b69645f75736572737c733a323a223131223b69647361746b65727c733a313a2231223b66756c6c5f6e616d657c733a32363a224b6570616c61204b4b50204b656c61732031206d616b61736172223b656d61696c7c733a31333a226b6b3131406d61696c2e636f6d223b70617373776f72647c733a36303a22243279243034247a65457839317572454d71356d4b526d4a736768696573554a667357315a6e6142693447435a5164717576314d567848436e556553223b696d616765737c733a31313a2270726f66696c652e706e67223b69645f757365725f6c6576656c7c733a313a2233223b69735f616b7469667c733a313a2279223b6a61626174616e7c733a313a2231223b746168756e7c733a343a2232303232223b),
('ib5hipuggv0f7hv6rlj2ie38s6r2jf1v', '::1', 1666415245, 0x5f5f63695f6c6173745f726567656e65726174657c693a313636363431353234353b69645f75736572737c733a323a223131223b69647361746b65727c733a313a2231223b66756c6c5f6e616d657c733a32363a224b6570616c61204b4b50204b656c61732031206d616b61736172223b656d61696c7c733a31333a226b6b3131406d61696c2e636f6d223b70617373776f72647c733a36303a22243279243034247a65457839317572454d71356d4b526d4a736768696573554a667357315a6e6142693447435a5164717576314d567848436e556553223b696d616765737c733a31313a2270726f66696c652e706e67223b69645f757365725f6c6576656c7c733a313a2233223b69735f616b7469667c733a313a2279223b6a61626174616e7c733a313a2231223b746168756e7c733a343a2232303232223b),
('lf5ddllu72t7n32eg9a6c1jkbn2nk975', '::1', 1666416041, 0x5f5f63695f6c6173745f726567656e65726174657c693a313636363431363034313b69645f75736572737c733a313a2237223b69647361746b65727c733a313a2231223b66756c6c5f6e616d657c733a32303a224b4b50204b656c61732049204d616b6173736172223b656d61696c7c733a31323a226b6b31406d61696c2e636f6d223b70617373776f72647c733a36303a22243279243034244b6d49312f39656e394d6c307056754f78516d4d452e33384e6e6748353035725453343047304b7a6b55485474776573344e6d3775223b696d616765737c733a31383a2261746f6d69785f757365723331312e706e67223b69645f757365725f6c6576656c7c733a313a2233223b69735f616b7469667c733a313a2279223b6a61626174616e7c733a313a2232223b746168756e7c733a343a2232303232223b),
('29043l69q1s7ofkoh9i88rfddsd3v31b', '::1', 1666416394, 0x5f5f63695f6c6173745f726567656e65726174657c693a313636363431363339343b69645f75736572737c733a313a2237223b69647361746b65727c733a313a2231223b66756c6c5f6e616d657c733a32303a224b4b50204b656c61732049204d616b6173736172223b656d61696c7c733a31323a226b6b31406d61696c2e636f6d223b70617373776f72647c733a36303a22243279243034244b6d49312f39656e394d6c307056754f78516d4d452e33384e6e6748353035725453343047304b7a6b55485474776573344e6d3775223b696d616765737c733a31383a2261746f6d69785f757365723331312e706e67223b69645f757365725f6c6576656c7c733a313a2233223b69735f616b7469667c733a313a2279223b6a61626174616e7c733a313a2232223b746168756e7c733a343a2232303232223b),
('0ci49i7snmsemoot778o8i9fj4pgg1dr', '::1', 1666422095, 0x5f5f63695f6c6173745f726567656e65726174657c693a313636363432323039353b69645f75736572737c733a313a2237223b69647361746b65727c733a313a2231223b66756c6c5f6e616d657c733a32303a224b4b50204b656c61732049204d616b6173736172223b656d61696c7c733a31323a226b6b31406d61696c2e636f6d223b70617373776f72647c733a36303a22243279243034244b6d49312f39656e394d6c307056754f78516d4d452e33384e6e6748353035725453343047304b7a6b55485474776573344e6d3775223b696d616765737c733a31383a2261746f6d69785f757365723331312e706e67223b69645f757365725f6c6576656c7c733a313a2233223b69735f616b7469667c733a313a2279223b6a61626174616e7c733a313a2232223b746168756e7c733a343a2232303232223b),
('aj25mbng13lg6poneo3a7i4qvk6f5c39', '::1', 1666423560, 0x5f5f63695f6c6173745f726567656e65726174657c693a313636363432333536303b69645f75736572737c733a313a2237223b69647361746b65727c733a313a2231223b66756c6c5f6e616d657c733a32303a224b4b50204b656c61732049204d616b6173736172223b656d61696c7c733a31323a226b6b31406d61696c2e636f6d223b70617373776f72647c733a36303a22243279243034244b6d49312f39656e394d6c307056754f78516d4d452e33384e6e6748353035725453343047304b7a6b55485474776573344e6d3775223b696d616765737c733a31383a2261746f6d69785f757365723331312e706e67223b69645f757365725f6c6576656c7c733a313a2233223b69735f616b7469667c733a313a2279223b6a61626174616e7c733a313a2232223b746168756e7c733a343a2232303232223b),
('h3bs8fs1l347fq0rv8gm8bg5fkb7e46p', '::1', 1666424227, 0x5f5f63695f6c6173745f726567656e65726174657c693a313636363432343232373b69645f75736572737c733a313a2237223b69647361746b65727c733a313a2231223b66756c6c5f6e616d657c733a32303a224b4b50204b656c61732049204d616b6173736172223b656d61696c7c733a31323a226b6b31406d61696c2e636f6d223b70617373776f72647c733a36303a22243279243034244b6d49312f39656e394d6c307056754f78516d4d452e33384e6e6748353035725453343047304b7a6b55485474776573344e6d3775223b696d616765737c733a31383a2261746f6d69785f757365723331312e706e67223b69645f757365725f6c6576656c7c733a313a2233223b69735f616b7469667c733a313a2279223b6a61626174616e7c733a313a2232223b746168756e7c733a343a2232303232223b),
('hf48drq50aucm482l6se2tah5n9pn068', '::1', 1666425437, 0x5f5f63695f6c6173745f726567656e65726174657c693a313636363432353433373b69645f75736572737c733a313a2237223b69647361746b65727c733a313a2231223b66756c6c5f6e616d657c733a32303a224b4b50204b656c61732049204d616b6173736172223b656d61696c7c733a31323a226b6b31406d61696c2e636f6d223b70617373776f72647c733a36303a22243279243034244b6d49312f39656e394d6c307056754f78516d4d452e33384e6e6748353035725453343047304b7a6b55485474776573344e6d3775223b696d616765737c733a31383a2261746f6d69785f757365723331312e706e67223b69645f757365725f6c6576656c7c733a313a2233223b69735f616b7469667c733a313a2279223b6a61626174616e7c733a313a2232223b746168756e7c733a343a2232303232223b),
('int73h7b9li2neth3dhmtgjej9a31205', '::1', 1666427153, 0x5f5f63695f6c6173745f726567656e65726174657c693a313636363432373135333b69645f75736572737c733a313a2237223b69647361746b65727c733a313a2231223b66756c6c5f6e616d657c733a32303a224b4b50204b656c61732049204d616b6173736172223b656d61696c7c733a31323a226b6b31406d61696c2e636f6d223b70617373776f72647c733a36303a22243279243034244b6d49312f39656e394d6c307056754f78516d4d452e33384e6e6748353035725453343047304b7a6b55485474776573344e6d3775223b696d616765737c733a31383a2261746f6d69785f757365723331312e706e67223b69645f757365725f6c6576656c7c733a313a2233223b69735f616b7469667c733a313a2279223b6a61626174616e7c733a313a2232223b746168756e7c733a343a2232303232223b),
('blkicluvvn5uicrb2m8hvp5nhfuo4u2o', '::1', 1666427470, 0x5f5f63695f6c6173745f726567656e65726174657c693a313636363432373437303b69645f75736572737c733a313a2237223b69647361746b65727c733a313a2231223b66756c6c5f6e616d657c733a32303a224b4b50204b656c61732049204d616b6173736172223b656d61696c7c733a31323a226b6b31406d61696c2e636f6d223b70617373776f72647c733a36303a22243279243034244b6d49312f39656e394d6c307056754f78516d4d452e33384e6e6748353035725453343047304b7a6b55485474776573344e6d3775223b696d616765737c733a31383a2261746f6d69785f757365723331312e706e67223b69645f757365725f6c6576656c7c733a313a2233223b69735f616b7469667c733a313a2279223b6a61626174616e7c733a313a2232223b746168756e7c733a343a2232303232223b),
('2jt3ava4mvq777i0qa2urodefig3ikep', '::1', 1666428848, 0x5f5f63695f6c6173745f726567656e65726174657c693a313636363432383834383b69645f75736572737c733a313a2237223b69647361746b65727c733a313a2231223b66756c6c5f6e616d657c733a32303a224b4b50204b656c61732049204d616b6173736172223b656d61696c7c733a31323a226b6b31406d61696c2e636f6d223b70617373776f72647c733a36303a22243279243034244b6d49312f39656e394d6c307056754f78516d4d452e33384e6e6748353035725453343047304b7a6b55485474776573344e6d3775223b696d616765737c733a31383a2261746f6d69785f757365723331312e706e67223b69645f757365725f6c6576656c7c733a313a2233223b69735f616b7469667c733a313a2279223b6a61626174616e7c733a313a2232223b746168756e7c733a343a2232303232223b),
('a8b77bpm7ulr8lcsf16ie48li8k0quds', '::1', 1666429486, 0x5f5f63695f6c6173745f726567656e65726174657c693a313636363432393438363b69645f75736572737c733a313a2237223b69647361746b65727c733a313a2231223b66756c6c5f6e616d657c733a32303a224b4b50204b656c61732049204d616b6173736172223b656d61696c7c733a31323a226b6b31406d61696c2e636f6d223b70617373776f72647c733a36303a22243279243034244b6d49312f39656e394d6c307056754f78516d4d452e33384e6e6748353035725453343047304b7a6b55485474776573344e6d3775223b696d616765737c733a31383a2261746f6d69785f757365723331312e706e67223b69645f757365725f6c6576656c7c733a313a2233223b69735f616b7469667c733a313a2279223b6a61626174616e7c733a313a2232223b746168756e7c733a343a2232303232223b),
('p4uol7ntr9lg3mh9cvbn3bua86ab7188', '::1', 1666432354, 0x5f5f63695f6c6173745f726567656e65726174657c693a313636363433323335343b69645f75736572737c733a313a2237223b69647361746b65727c733a313a2231223b66756c6c5f6e616d657c733a32303a224b4b50204b656c61732049204d616b6173736172223b656d61696c7c733a31323a226b6b31406d61696c2e636f6d223b70617373776f72647c733a36303a22243279243034244b6d49312f39656e394d6c307056754f78516d4d452e33384e6e6748353035725453343047304b7a6b55485474776573344e6d3775223b696d616765737c733a31383a2261746f6d69785f757365723331312e706e67223b69645f757365725f6c6576656c7c733a313a2233223b69735f616b7469667c733a313a2279223b6a61626174616e7c733a313a2232223b746168756e7c733a343a2232303232223b),
('2jnkfb460l9u9mqp15o9mpfs9789vvq0', '::1', 1666433315, 0x5f5f63695f6c6173745f726567656e65726174657c693a313636363433333331353b69645f75736572737c733a313a2237223b69647361746b65727c733a313a2231223b66756c6c5f6e616d657c733a32303a224b4b50204b656c61732049204d616b6173736172223b656d61696c7c733a31323a226b6b31406d61696c2e636f6d223b70617373776f72647c733a36303a22243279243034244b6d49312f39656e394d6c307056754f78516d4d452e33384e6e6748353035725453343047304b7a6b55485474776573344e6d3775223b696d616765737c733a31383a2261746f6d69785f757365723331312e706e67223b69645f757365725f6c6576656c7c733a313a2233223b69735f616b7469667c733a313a2279223b6a61626174616e7c733a313a2232223b746168756e7c733a343a2232303232223b),
('b224higcuoblpgvaoihst9v5sicsks3l', '::1', 1666433619, 0x5f5f63695f6c6173745f726567656e65726174657c693a313636363433333631393b69645f75736572737c733a313a2237223b69647361746b65727c733a313a2231223b66756c6c5f6e616d657c733a32303a224b4b50204b656c61732049204d616b6173736172223b656d61696c7c733a31323a226b6b31406d61696c2e636f6d223b70617373776f72647c733a36303a22243279243034244b6d49312f39656e394d6c307056754f78516d4d452e33384e6e6748353035725453343047304b7a6b55485474776573344e6d3775223b696d616765737c733a31383a2261746f6d69785f757365723331312e706e67223b69645f757365725f6c6576656c7c733a313a2233223b69735f616b7469667c733a313a2279223b6a61626174616e7c733a313a2232223b746168756e7c733a343a2232303232223b),
('8gp24lokhs3dvmb923fjcgple89ah2s6', '::1', 1666434061, 0x5f5f63695f6c6173745f726567656e65726174657c693a313636363433343036313b69645f75736572737c733a313a2237223b69647361746b65727c733a313a2231223b66756c6c5f6e616d657c733a32303a224b4b50204b656c61732049204d616b6173736172223b656d61696c7c733a31323a226b6b31406d61696c2e636f6d223b70617373776f72647c733a36303a22243279243034244b6d49312f39656e394d6c307056754f78516d4d452e33384e6e6748353035725453343047304b7a6b55485474776573344e6d3775223b696d616765737c733a31383a2261746f6d69785f757365723331312e706e67223b69645f757365725f6c6576656c7c733a313a2233223b69735f616b7469667c733a313a2279223b6a61626174616e7c733a313a2232223b746168756e7c733a343a2232303232223b),
('stgfgg00v1mo3n94lukir3plktdguusl', '::1', 1666434372, 0x5f5f63695f6c6173745f726567656e65726174657c693a313636363433343337323b69645f75736572737c733a313a2237223b69647361746b65727c733a313a2231223b66756c6c5f6e616d657c733a32303a224b4b50204b656c61732049204d616b6173736172223b656d61696c7c733a31323a226b6b31406d61696c2e636f6d223b70617373776f72647c733a36303a22243279243034244b6d49312f39656e394d6c307056754f78516d4d452e33384e6e6748353035725453343047304b7a6b55485474776573344e6d3775223b696d616765737c733a31383a2261746f6d69785f757365723331312e706e67223b69645f757365725f6c6576656c7c733a313a2233223b69735f616b7469667c733a313a2279223b6a61626174616e7c733a313a2232223b746168756e7c733a343a2232303232223b),
('g4ghkk2qqvf5eo403k3nbaoal6o3qlu3', '::1', 1666434978, 0x5f5f63695f6c6173745f726567656e65726174657c693a313636363433343937383b69645f75736572737c733a313a2237223b69647361746b65727c733a313a2231223b66756c6c5f6e616d657c733a32303a224b4b50204b656c61732049204d616b6173736172223b656d61696c7c733a31323a226b6b31406d61696c2e636f6d223b70617373776f72647c733a36303a22243279243034244b6d49312f39656e394d6c307056754f78516d4d452e33384e6e6748353035725453343047304b7a6b55485474776573344e6d3775223b696d616765737c733a31383a2261746f6d69785f757365723331312e706e67223b69645f757365725f6c6576656c7c733a313a2233223b69735f616b7469667c733a313a2279223b6a61626174616e7c733a313a2232223b746168756e7c733a343a2232303232223b),
('g93c3unv61huk9qrogguv1astq2mjpla', '::1', 1666435373, 0x5f5f63695f6c6173745f726567656e65726174657c693a313636363433353337333b69645f75736572737c733a313a2231223b69647361746b65727c733a323a223132223b66756c6c5f6e616d657c733a31313a2253757065722041646d696e223b656d61696c7c733a32303a22737570657261646d696e40676d61696c2e636f6d223b70617373776f72647c733a36303a222432792430342457627966763478776968622e2e504f6668785935592e6a484f4a714546494733644c66425977416d6e4f4143704830455743436471223b696d616765737c733a31373a2261746f6d69785f7573657233312e706e67223b69645f757365725f6c6576656c7c733a313a2231223b69735f616b7469667c733a313a2279223b6a61626174616e7c733a313a2230223b746168756e7c733a343a2232303232223b),
('poi762mg94bds57qu9aec5r2923vh7er', '::1', 1666435689, 0x5f5f63695f6c6173745f726567656e65726174657c693a313636363433353638393b69645f75736572737c733a323a223135223b69647361746b65727c733a323a223132223b66756c6c5f6e616d657c733a31313a2241646d696e204d6f6e6576223b656d61696c7c733a31343a226d6f6e6576406d61696c2e636f6d223b70617373776f72647c733a36303a2224327924303424756275354553623855422e5674793772674754592f657564485331316c6878655a5731724c5a503636354e772f316a713461614332223b696d616765737c733a31313a2270726f66696c652e706e67223b69645f757365725f6c6576656c7c733a313a2232223b69735f616b7469667c733a313a2279223b6a61626174616e7c733a313a2230223b746168756e7c733a343a2232303232223b7472637c733a313a2231223b6d6f6e65767c733a313a2231223b),
('ttiu5lsdksqrq1flem6v69ksjdccbt88', '::1', 1666436232, 0x5f5f63695f6c6173745f726567656e65726174657c693a313636363433363233323b69645f75736572737c733a323a223135223b69647361746b65727c733a323a223132223b66756c6c5f6e616d657c733a31313a2241646d696e204d6f6e6576223b656d61696c7c733a31343a226d6f6e6576406d61696c2e636f6d223b70617373776f72647c733a36303a2224327924303424756275354553623855422e5674793772674754592f657564485331316c6878655a5731724c5a503636354e772f316a713461614332223b696d616765737c733a31313a2270726f66696c652e706e67223b69645f757365725f6c6576656c7c733a313a2232223b69735f616b7469667c733a313a2279223b6a61626174616e7c733a313a2230223b746168756e7c733a343a2232303232223b7472637c733a313a2231223b6d6f6e65767c733a313a2231223b),
('3alameeqp543rp6u414of484rcr8tkoq', '::1', 1666436639, 0x5f5f63695f6c6173745f726567656e65726174657c693a313636363433363633393b69645f75736572737c733a323a223135223b69647361746b65727c733a323a223132223b66756c6c5f6e616d657c733a31313a2241646d696e204d6f6e6576223b656d61696c7c733a31343a226d6f6e6576406d61696c2e636f6d223b70617373776f72647c733a36303a2224327924303424756275354553623855422e5674793772674754592f657564485331316c6878655a5731724c5a503636354e772f316a713461614332223b696d616765737c733a31313a2270726f66696c652e706e67223b69645f757365725f6c6576656c7c733a313a2232223b69735f616b7469667c733a313a2279223b6a61626174616e7c733a313a2230223b746168756e7c733a343a2232303232223b7472637c733a313a2231223b6d6f6e65767c733a313a2231223b),
('i5dtqei6c4qm8mbrjfgqhciitp0ksfkh', '::1', 1666439788, 0x5f5f63695f6c6173745f726567656e65726174657c693a313636363433393738383b69645f75736572737c733a323a223135223b69647361746b65727c733a323a223132223b66756c6c5f6e616d657c733a31313a2241646d696e204d6f6e6576223b656d61696c7c733a31343a226d6f6e6576406d61696c2e636f6d223b70617373776f72647c733a36303a2224327924303424756275354553623855422e5674793772674754592f657564485331316c6878655a5731724c5a503636354e772f316a713461614332223b696d616765737c733a31313a2270726f66696c652e706e67223b69645f757365725f6c6576656c7c733a313a2232223b69735f616b7469667c733a313a2279223b6a61626174616e7c733a313a2230223b746168756e7c733a343a2232303232223b6d6f6e65767c733a313a2231223b7472637c733a323a223131223b),
('n49jm9d5ahe8t6fh1efks6f0e5i96kua', '::1', 1666437304, 0x5f5f63695f6c6173745f726567656e65726174657c693a313636363433373330343b69645f75736572737c733a323a223135223b69647361746b65727c733a323a223132223b66756c6c5f6e616d657c733a31313a2241646d696e204d6f6e6576223b656d61696c7c733a31343a226d6f6e6576406d61696c2e636f6d223b70617373776f72647c733a36303a2224327924303424756275354553623855422e5674793772674754592f657564485331316c6878655a5731724c5a503636354e772f316a713461614332223b696d616765737c733a31313a2270726f66696c652e706e67223b69645f757365725f6c6576656c7c733a313a2232223b69735f616b7469667c733a313a2279223b6a61626174616e7c733a313a2230223b746168756e7c733a343a2232303232223b6d6f6e65767c733a313a2232223b7472637c733a313a2231223b),
('1h6jthibnflugj28ol8gohuoca1uh9d3', '::1', 1666437615, 0x5f5f63695f6c6173745f726567656e65726174657c693a313636363433373631353b69645f75736572737c733a323a223135223b69647361746b65727c733a323a223132223b66756c6c5f6e616d657c733a31313a2241646d696e204d6f6e6576223b656d61696c7c733a31343a226d6f6e6576406d61696c2e636f6d223b70617373776f72647c733a36303a2224327924303424756275354553623855422e5674793772674754592f657564485331316c6878655a5731724c5a503636354e772f316a713461614332223b696d616765737c733a31313a2270726f66696c652e706e67223b69645f757365725f6c6576656c7c733a313a2232223b69735f616b7469667c733a313a2279223b6a61626174616e7c733a313a2230223b746168756e7c733a343a2232303232223b6d6f6e65767c733a313a2232223b7472637c733a323a223131223b),
('142j17daf4a68b5cfn3fo5s0nsk7jsph', '::1', 1666438007, 0x5f5f63695f6c6173745f726567656e65726174657c693a313636363433383030373b69645f75736572737c733a323a223135223b69647361746b65727c733a323a223132223b66756c6c5f6e616d657c733a31313a2241646d696e204d6f6e6576223b656d61696c7c733a31343a226d6f6e6576406d61696c2e636f6d223b70617373776f72647c733a36303a2224327924303424756275354553623855422e5674793772674754592f657564485331316c6878655a5731724c5a503636354e772f316a713461614332223b696d616765737c733a31313a2270726f66696c652e706e67223b69645f757365725f6c6576656c7c733a313a2232223b69735f616b7469667c733a313a2279223b6a61626174616e7c733a313a2230223b746168756e7c733a343a2232303232223b6d6f6e65767c733a313a2231223b7472637c733a323a223131223b),
('lk25tngb6e9qcj1o9iqmob7329negcvs', '::1', 1666438349, 0x5f5f63695f6c6173745f726567656e65726174657c693a313636363433383334393b69645f75736572737c733a323a223135223b69647361746b65727c733a323a223132223b66756c6c5f6e616d657c733a31313a2241646d696e204d6f6e6576223b656d61696c7c733a31343a226d6f6e6576406d61696c2e636f6d223b70617373776f72647c733a36303a2224327924303424756275354553623855422e5674793772674754592f657564485331316c6878655a5731724c5a503636354e772f316a713461614332223b696d616765737c733a31313a2270726f66696c652e706e67223b69645f757365725f6c6576656c7c733a313a2232223b69735f616b7469667c733a313a2279223b6a61626174616e7c733a313a2230223b746168756e7c733a343a2232303232223b6d6f6e65767c733a313a2231223b7472637c733a313a2231223b),
('tsh54082a3c80s67p87ndtrb04ujq1rr', '::1', 1666438730, 0x5f5f63695f6c6173745f726567656e65726174657c693a313636363433383733303b69645f75736572737c733a323a223135223b69647361746b65727c733a323a223132223b66756c6c5f6e616d657c733a31313a2241646d696e204d6f6e6576223b656d61696c7c733a31343a226d6f6e6576406d61696c2e636f6d223b70617373776f72647c733a36303a2224327924303424756275354553623855422e5674793772674754592f657564485331316c6878655a5731724c5a503636354e772f316a713461614332223b696d616765737c733a31313a2270726f66696c652e706e67223b69645f757365725f6c6576656c7c733a313a2232223b69735f616b7469667c733a313a2279223b6a61626174616e7c733a313a2230223b746168756e7c733a343a2232303232223b6d6f6e65767c733a323a223131223b7472637c733a323a223131223b),
('reho4na6rak237r65uufhqgdob3bq3ur', '::1', 1666439778, 0x5f5f63695f6c6173745f726567656e65726174657c693a313636363433393737383b69645f75736572737c733a323a223135223b69647361746b65727c733a323a223132223b66756c6c5f6e616d657c733a31313a2241646d696e204d6f6e6576223b656d61696c7c733a31343a226d6f6e6576406d61696c2e636f6d223b70617373776f72647c733a36303a2224327924303424756275354553623855422e5674793772674754592f657564485331316c6878655a5731724c5a503636354e772f316a713461614332223b696d616765737c733a31313a2270726f66696c652e706e67223b69645f757365725f6c6576656c7c733a313a2232223b69735f616b7469667c733a313a2279223b6a61626174616e7c733a313a2230223b746168756e7c733a343a2232303232223b6d6f6e65767c733a313a2231223b7472637c733a313a2231223b),
('2cmck5g33e4i81592fvub75iesbf651u', '::1', 1666439778, 0x5f5f63695f6c6173745f726567656e65726174657c693a313636363433393737383b69645f75736572737c733a323a223135223b69647361746b65727c733a323a223132223b66756c6c5f6e616d657c733a31313a2241646d696e204d6f6e6576223b656d61696c7c733a31343a226d6f6e6576406d61696c2e636f6d223b70617373776f72647c733a36303a2224327924303424756275354553623855422e5674793772674754592f657564485331316c6878655a5731724c5a503636354e772f316a713461614332223b696d616765737c733a31313a2270726f66696c652e706e67223b69645f757365725f6c6576656c7c733a313a2232223b69735f616b7469667c733a313a2279223b6a61626174616e7c733a313a2230223b746168756e7c733a343a2232303232223b6d6f6e65767c733a313a2231223b7472637c733a313a2231223b),
('883s1n58vgpt0q69bvaaarpaokgnq159', '::1', 1666440801, 0x5f5f63695f6c6173745f726567656e65726174657c693a313636363434303830313b69645f75736572737c733a323a223135223b69647361746b65727c733a323a223132223b66756c6c5f6e616d657c733a31313a2241646d696e204d6f6e6576223b656d61696c7c733a31343a226d6f6e6576406d61696c2e636f6d223b70617373776f72647c733a36303a2224327924303424756275354553623855422e5674793772674754592f657564485331316c6878655a5731724c5a503636354e772f316a713461614332223b696d616765737c733a31313a2270726f66696c652e706e67223b69645f757365725f6c6576656c7c733a313a2232223b69735f616b7469667c733a313a2279223b6a61626174616e7c733a313a2230223b746168756e7c733a343a2232303232223b6d6f6e65767c733a313a2231223b7472637c733a323a223131223b),
('tk1cf2slj8uehfv8gga9g57v6j1efjhp', '::1', 1666441154, 0x5f5f63695f6c6173745f726567656e65726174657c693a313636363434313135343b69645f75736572737c733a323a223135223b69647361746b65727c733a323a223132223b66756c6c5f6e616d657c733a31313a2241646d696e204d6f6e6576223b656d61696c7c733a31343a226d6f6e6576406d61696c2e636f6d223b70617373776f72647c733a36303a2224327924303424756275354553623855422e5674793772674754592f657564485331316c6878655a5731724c5a503636354e772f316a713461614332223b696d616765737c733a31313a2270726f66696c652e706e67223b69645f757365725f6c6576656c7c733a313a2232223b69735f616b7469667c733a313a2279223b6a61626174616e7c733a313a2230223b746168756e7c733a343a2232303232223b6d6f6e65767c733a313a2231223b7472637c733a313a2231223b67726166696b7c733a313a2231223b),
('0dti5cr1bnakm3njv5j8gkplebeh1ifv', '::1', 1666441509, 0x5f5f63695f6c6173745f726567656e65726174657c693a313636363434313530393b69645f75736572737c733a323a223135223b69647361746b65727c733a323a223132223b66756c6c5f6e616d657c733a31313a2241646d696e204d6f6e6576223b656d61696c7c733a31343a226d6f6e6576406d61696c2e636f6d223b70617373776f72647c733a36303a2224327924303424756275354553623855422e5674793772674754592f657564485331316c6878655a5731724c5a503636354e772f316a713461614332223b696d616765737c733a31313a2270726f66696c652e706e67223b69645f757365725f6c6576656c7c733a313a2232223b69735f616b7469667c733a313a2279223b6a61626174616e7c733a313a2230223b746168756e7c733a343a2232303232223b6d6f6e65767c733a313a2231223b7472637c733a313a2231223b67726166696b7c733a313a2231223b),
('hrulilc6jpaebiaa71dug2ka87i2h94i', '::1', 1666441844, 0x5f5f63695f6c6173745f726567656e65726174657c693a313636363434313834343b69645f75736572737c733a323a223135223b69647361746b65727c733a323a223132223b66756c6c5f6e616d657c733a31313a2241646d696e204d6f6e6576223b656d61696c7c733a31343a226d6f6e6576406d61696c2e636f6d223b70617373776f72647c733a36303a2224327924303424756275354553623855422e5674793772674754592f657564485331316c6878655a5731724c5a503636354e772f316a713461614332223b696d616765737c733a31313a2270726f66696c652e706e67223b69645f757365725f6c6576656c7c733a313a2232223b69735f616b7469667c733a313a2279223b6a61626174616e7c733a313a2230223b746168756e7c733a343a2232303232223b6d6f6e65767c733a313a2231223b7472637c733a313a2231223b67726166696b7c733a313a2231223b),
('kckkep4h2d1ltb6626i34p5ul48oubq0', '::1', 1666442309, 0x5f5f63695f6c6173745f726567656e65726174657c693a313636363434323330393b69645f75736572737c733a323a223135223b69647361746b65727c733a323a223132223b66756c6c5f6e616d657c733a31313a2241646d696e204d6f6e6576223b656d61696c7c733a31343a226d6f6e6576406d61696c2e636f6d223b70617373776f72647c733a36303a2224327924303424756275354553623855422e5674793772674754592f657564485331316c6878655a5731724c5a503636354e772f316a713461614332223b696d616765737c733a31313a2270726f66696c652e706e67223b69645f757365725f6c6576656c7c733a313a2232223b69735f616b7469667c733a313a2279223b6a61626174616e7c733a313a2230223b746168756e7c733a343a2232303232223b6d6f6e65767c733a313a2231223b7472637c733a313a2231223b67726166696b7c733a313a2231223b),
('qre8rmchk420enec08het55g2eej5kt2', '::1', 1666442626, 0x5f5f63695f6c6173745f726567656e65726174657c693a313636363434323632363b69645f75736572737c733a323a223135223b69647361746b65727c733a323a223132223b66756c6c5f6e616d657c733a31313a2241646d696e204d6f6e6576223b656d61696c7c733a31343a226d6f6e6576406d61696c2e636f6d223b70617373776f72647c733a36303a2224327924303424756275354553623855422e5674793772674754592f657564485331316c6878655a5731724c5a503636354e772f316a713461614332223b696d616765737c733a31313a2270726f66696c652e706e67223b69645f757365725f6c6576656c7c733a313a2232223b69735f616b7469667c733a313a2279223b6a61626174616e7c733a313a2230223b746168756e7c733a343a2232303232223b6d6f6e65767c733a313a2231223b7472637c733a313a2231223b67726166696b7c733a313a2231223b),
('op8quor5gnfsvaq96iuopajtlsmat6lu', '::1', 1666442940, 0x5f5f63695f6c6173745f726567656e65726174657c693a313636363434323934303b69645f75736572737c733a323a223135223b69647361746b65727c733a323a223132223b66756c6c5f6e616d657c733a31313a2241646d696e204d6f6e6576223b656d61696c7c733a31343a226d6f6e6576406d61696c2e636f6d223b70617373776f72647c733a36303a2224327924303424756275354553623855422e5674793772674754592f657564485331316c6878655a5731724c5a503636354e772f316a713461614332223b696d616765737c733a31313a2270726f66696c652e706e67223b69645f757365725f6c6576656c7c733a313a2232223b69735f616b7469667c733a313a2279223b6a61626174616e7c733a313a2230223b746168756e7c733a343a2232303232223b6d6f6e65767c733a313a2231223b7472637c733a313a2231223b67726166696b7c733a313a2231223b),
('3kmj5a8ms9n6uk9ner201m59dfi262r2', '::1', 1666443307, 0x5f5f63695f6c6173745f726567656e65726174657c693a313636363434333330373b69645f75736572737c733a323a223135223b69647361746b65727c733a323a223132223b66756c6c5f6e616d657c733a31313a2241646d696e204d6f6e6576223b656d61696c7c733a31343a226d6f6e6576406d61696c2e636f6d223b70617373776f72647c733a36303a2224327924303424756275354553623855422e5674793772674754592f657564485331316c6878655a5731724c5a503636354e772f316a713461614332223b696d616765737c733a31313a2270726f66696c652e706e67223b69645f757365725f6c6576656c7c733a313a2232223b69735f616b7469667c733a313a2279223b6a61626174616e7c733a313a2230223b746168756e7c733a343a2232303232223b6d6f6e65767c733a313a2231223b7472637c733a313a2231223b67726166696b7c733a313a2231223b7361746b6572727c733a32303a224b4b50204b656c61732049204d616b6173736172223b6d6573736167657c733a31363a225265636f7264204e6f7420466f756e64223b5f5f63695f766172737c613a313a7b733a373a226d657373616765223b733a333a226e6577223b7d),
('d04qn79la0edmr9spkm3qelf4a82km5d', '::1', 1666447426, 0x5f5f63695f6c6173745f726567656e65726174657c693a313636363434373432363b69645f75736572737c733a323a223135223b69647361746b65727c733a323a223132223b66756c6c5f6e616d657c733a31313a2241646d696e204d6f6e6576223b656d61696c7c733a31343a226d6f6e6576406d61696c2e636f6d223b70617373776f72647c733a36303a2224327924303424756275354553623855422e5674793772674754592f657564485331316c6878655a5731724c5a503636354e772f316a713461614332223b696d616765737c733a31313a2270726f66696c652e706e67223b69645f757365725f6c6576656c7c733a313a2232223b69735f616b7469667c733a313a2279223b6a61626174616e7c733a313a2230223b746168756e7c733a343a2232303232223b6d6f6e65767c733a313a2231223b7472637c733a313a2231223b67726166696b7c733a313a2231223b7361746b6572727c733a32303a224b4b50204b656c61732049204d616b6173736172223b),
('a9ql0qtbpoesukh2a99cu0fv2sjl0hpi', '::1', 1666448018, 0x5f5f63695f6c6173745f726567656e65726174657c693a313636363434383031383b69645f75736572737c733a313a2238223b69647361746b65727c733a313a2233223b66756c6c5f6e616d657c733a31373a224b4b50204b656c6173204920426174616d223b656d61696c7c733a31323a226b6b32406d61696c2e636f6d223b70617373776f72647c733a36303a22243279243034245235467873434c4f7152536b2f457259316d6f5150653239624461465859502f443133796256477231686d37663055477330563253223b696d616765737c733a31313a2270726f66696c652e706e67223b69645f757365725f6c6576656c7c733a313a2233223b69735f616b7469667c733a313a2279223b6a61626174616e7c733a313a2232223b746168756e7c733a343a2232303232223b),
('1588ec52dt8co818fic6eb7sipegbq82', '::1', 1666448333, 0x5f5f63695f6c6173745f726567656e65726174657c693a313636363434383333333b69645f75736572737c733a313a2238223b69647361746b65727c733a313a2233223b66756c6c5f6e616d657c733a31373a224b4b50204b656c6173204920426174616d223b656d61696c7c733a31323a226b6b32406d61696c2e636f6d223b70617373776f72647c733a36303a22243279243034245235467873434c4f7152536b2f457259316d6f5150653239624461465859502f443133796256477231686d37663055477330563253223b696d616765737c733a31313a2270726f66696c652e706e67223b69645f757365725f6c6576656c7c733a313a2233223b69735f616b7469667c733a313a2279223b6a61626174616e7c733a313a2232223b746168756e7c733a343a2232303232223b),
('ert65thd7m0jgt3h8q2iiq1vbujnnalm', '::1', 1666448975, 0x5f5f63695f6c6173745f726567656e65726174657c693a313636363434383937353b69645f75736572737c733a313a2238223b69647361746b65727c733a313a2233223b66756c6c5f6e616d657c733a31373a224b4b50204b656c6173204920426174616d223b656d61696c7c733a31323a226b6b32406d61696c2e636f6d223b70617373776f72647c733a36303a22243279243034245235467873434c4f7152536b2f457259316d6f5150653239624461465859502f443133796256477231686d37663055477330563253223b696d616765737c733a31313a2270726f66696c652e706e67223b69645f757365725f6c6576656c7c733a313a2233223b69735f616b7469667c733a313a2279223b6a61626174616e7c733a313a2232223b746168756e7c733a343a2232303232223b),
('psb19t3vv6kcgg137echgangsd57d3kc', '::1', 1666450216, 0x5f5f63695f6c6173745f726567656e65726174657c693a313636363435303231363b69645f75736572737c733a313a2238223b69647361746b65727c733a313a2233223b66756c6c5f6e616d657c733a31373a224b4b50204b656c6173204920426174616d223b656d61696c7c733a31323a226b6b32406d61696c2e636f6d223b70617373776f72647c733a36303a22243279243034245235467873434c4f7152536b2f457259316d6f5150653239624461465859502f443133796256477231686d37663055477330563253223b696d616765737c733a31313a2270726f66696c652e706e67223b69645f757365725f6c6576656c7c733a313a2233223b69735f616b7469667c733a313a2279223b6a61626174616e7c733a313a2232223b746168756e7c733a343a2232303232223b6d6573736167657c733a32333a22437265617465205265636f726420537563636573732032223b5f5f63695f766172737c613a313a7b733a373a226d657373616765223b733a333a226e6577223b7d),
('p8gt8k9u2aafp3i9imi0np52lg95ou55', '::1', 1666451021, 0x5f5f63695f6c6173745f726567656e65726174657c693a313636363435313032313b69645f75736572737c733a313a2238223b69647361746b65727c733a313a2233223b66756c6c5f6e616d657c733a31373a224b4b50204b656c6173204920426174616d223b656d61696c7c733a31323a226b6b32406d61696c2e636f6d223b70617373776f72647c733a36303a22243279243034245235467873434c4f7152536b2f457259316d6f5150653239624461465859502f443133796256477231686d37663055477330563253223b696d616765737c733a31313a2270726f66696c652e706e67223b69645f757365725f6c6576656c7c733a313a2233223b69735f616b7469667c733a313a2279223b6a61626174616e7c733a313a2232223b746168756e7c733a343a2232303232223b),
('2qe9nptqhksa1t6k8vltc1me0ltt8fh4', '::1', 1666451527, 0x5f5f63695f6c6173745f726567656e65726174657c693a313636363435313532373b69645f75736572737c733a313a2238223b69647361746b65727c733a313a2233223b66756c6c5f6e616d657c733a31373a224b4b50204b656c6173204920426174616d223b656d61696c7c733a31323a226b6b32406d61696c2e636f6d223b70617373776f72647c733a36303a22243279243034245235467873434c4f7152536b2f457259316d6f5150653239624461465859502f443133796256477231686d37663055477330563253223b696d616765737c733a31313a2270726f66696c652e706e67223b69645f757365725f6c6576656c7c733a313a2233223b69735f616b7469667c733a313a2279223b6a61626174616e7c733a313a2232223b746168756e7c733a343a2232303232223b),
('c19othrlki8ogs2n5rjks70fq9dhcb56', '::1', 1666452155, 0x5f5f63695f6c6173745f726567656e65726174657c693a313636363435323135353b69645f75736572737c733a313a2238223b69647361746b65727c733a313a2233223b66756c6c5f6e616d657c733a31373a224b4b50204b656c6173204920426174616d223b656d61696c7c733a31323a226b6b32406d61696c2e636f6d223b70617373776f72647c733a36303a22243279243034245235467873434c4f7152536b2f457259316d6f5150653239624461465859502f443133796256477231686d37663055477330563253223b696d616765737c733a31313a2270726f66696c652e706e67223b69645f757365725f6c6576656c7c733a313a2233223b69735f616b7469667c733a313a2279223b6a61626174616e7c733a313a2232223b746168756e7c733a343a2232303232223b),
('n45pmh6q5h7hp0fqst55a8o9douhfj05', '::1', 1666452660, 0x5f5f63695f6c6173745f726567656e65726174657c693a313636363435323636303b69645f75736572737c733a313a2238223b69647361746b65727c733a313a2233223b66756c6c5f6e616d657c733a31373a224b4b50204b656c6173204920426174616d223b656d61696c7c733a31323a226b6b32406d61696c2e636f6d223b70617373776f72647c733a36303a22243279243034245235467873434c4f7152536b2f457259316d6f5150653239624461465859502f443133796256477231686d37663055477330563253223b696d616765737c733a31313a2270726f66696c652e706e67223b69645f757365725f6c6576656c7c733a313a2233223b69735f616b7469667c733a313a2279223b6a61626174616e7c733a313a2232223b746168756e7c733a343a2232303232223b),
('sflggtesm405rlimu36qv9arbrt6p0vj', '::1', 1666453204, 0x5f5f63695f6c6173745f726567656e65726174657c693a313636363435333230343b69645f75736572737c733a313a2238223b69647361746b65727c733a313a2233223b66756c6c5f6e616d657c733a31373a224b4b50204b656c6173204920426174616d223b656d61696c7c733a31323a226b6b32406d61696c2e636f6d223b70617373776f72647c733a36303a22243279243034245235467873434c4f7152536b2f457259316d6f5150653239624461465859502f443133796256477231686d37663055477330563253223b696d616765737c733a31313a2270726f66696c652e706e67223b69645f757365725f6c6576656c7c733a313a2233223b69735f616b7469667c733a313a2279223b6a61626174616e7c733a313a2232223b746168756e7c733a343a2232303232223b),
('4ah09kiu94u3dc7plsv2olsi472suf3o', '::1', 1666453227, 0x5f5f63695f6c6173745f726567656e65726174657c693a313636363435333230343b69645f75736572737c733a313a2238223b69647361746b65727c733a313a2233223b66756c6c5f6e616d657c733a31373a224b4b50204b656c6173204920426174616d223b656d61696c7c733a31323a226b6b32406d61696c2e636f6d223b70617373776f72647c733a36303a22243279243034245235467873434c4f7152536b2f457259316d6f5150653239624461465859502f443133796256477231686d37663055477330563253223b696d616765737c733a31313a2270726f66696c652e706e67223b69645f757365725f6c6576656c7c733a313a2233223b69735f616b7469667c733a313a2279223b6a61626174616e7c733a313a2232223b746168756e7c733a343a2232303232223b);

-- --------------------------------------------------------

--
-- Table structure for table `tbl_analisis`
--

CREATE TABLE `tbl_analisis` (
  `id_analisis` int(11) NOT NULL,
  `id_indikator` int(11) NOT NULL,
  `id_satker` int(11) NOT NULL,
  `analisis` text NOT NULL,
  `bulan` int(5) NOT NULL
) ENGINE=InnoDB DEFAULT CHARSET=utf8mb4;

--
-- Dumping data for table `tbl_analisis`
--

INSERT INTO `tbl_analisis` (`id_analisis`, `id_indikator`, `id_satker`, `analisis`, `bulan`) VALUES
(6, 4, 1, 'Keterbatasan SDM dalam pelaksanaan kegiatan pengendalian orang, alat angkut, barang dan lingkungan di wilayah kerja', 1),
(7, 4, 1, 'Keterbatasan SDM pada wilker', 2),
(8, 4, 1, 'Kurangnya pengetahuan dan ketrampilansuberdaya dalam rangka kewaspadaan dini, pengendalian penyakir emerging, bencana, kegiatan matra/situasi khusus dan penyelidikan epidemologi', 1),
(11, 6, 1, 'pelaporan dan penginputan E-Monev DJA belum tepat waktu setiap bulannya', 1),
(16, 6, 1, 'Banyak kegiatan masih dalam rencana belum dilaksanakan', 1),
(17, 9, 1, 'Pelatihan SDM masih dalam penjadwalan', 1),
(18, 9, 1, 'Koordinasi dengan lembaga pelatihan teknis', 1),
(19, 4, 1, 'Koordinasi dengan daerah terjangkit ditingkatkan', 2),
(20, 6, 1, 'Monitoring Emonev DJA setiap bulan', 2),
(21, 6, 1, 'Mempercepat pembayaran untuk kegiatan yang sudah dilaksanakan', 2),
(22, 9, 1, 'Menghimbau pegawai untuk mengikuti pelatihan teknis', 2),
(23, 9, 1, 'Koordinasi dengan tim pelatihan', 2),
(24, 4, 1, 'Nambah satu di januari', 1),
(25, 2, 3, 'dfghjkl;\'', 2);

-- --------------------------------------------------------

--
-- Table structure for table `tbl_hak_akses`
--

CREATE TABLE `tbl_hak_akses` (
  `id` int(11) NOT NULL,
  `id_user_level` int(11) NOT NULL,
  `id_menu` int(11) NOT NULL
) ENGINE=InnoDB DEFAULT CHARSET=latin1;

--
-- Dumping data for table `tbl_hak_akses`
--

INSERT INTO `tbl_hak_akses` (`id`, `id_user_level`, `id_menu`) VALUES
(15, 1, 1),
(19, 1, 3),
(21, 2, 1),
(24, 1, 9),
(30, 1, 2),
(31, 1, 10),
(32, 1, 11),
(33, 1, 12),
(34, 1, 13),
(35, 1, 14),
(43, 3, 13),
(44, 3, 14),
(45, 1, 15),
(46, 2, 15),
(52, 2, 9),
(54, 3, 16),
(55, 1, 16),
(56, 1, 17),
(57, 3, 17),
(58, 1, 18),
(59, 3, 18),
(60, 1, 19),
(61, 3, 19),
(62, 1, 20),
(63, 3, 20),
(64, 1, 21),
(65, 3, 21),
(66, 1, 22),
(67, 3, 22),
(71, 4, 13),
(72, 4, 14),
(73, 4, 16),
(74, 4, 17),
(75, 4, 18),
(76, 4, 22),
(77, 4, 21),
(78, 4, 20),
(79, 1, 4),
(81, 1, 24),
(82, 3, 1),
(83, 1, 26),
(84, 2, 26);

-- --------------------------------------------------------

--
-- Table structure for table `tbl_indikator`
--

CREATE TABLE `tbl_indikator` (
  `id_indikator` int(11) NOT NULL,
  `id_user_level` int(11) NOT NULL,
  `indikator` text NOT NULL,
  `tahun` varchar(4) NOT NULL
) ENGINE=InnoDB DEFAULT CHARSET=utf8mb4;

--
-- Dumping data for table `tbl_indikator`
--

INSERT INTO `tbl_indikator` (`id_indikator`, `id_user_level`, `indikator`, `tahun`) VALUES
(2, 3, 'Jumlah pemeriksaan orang, alat angkut, barang dan lingkungan sesuai standar kekarantinaan kesehatan', '2022'),
(4, 3, 'Persentase faktor risiko penyakit dipintu masuk yang dikendalikan pada orang, alat angkut, barang dan lingkungan', '2022'),
(5, 3, 'Indeks Pengendalian Faktor risiko di pintu masuk negara', '2022'),
(6, 3, 'Nilai kinerja  anggaran', '2022'),
(7, 3, 'Nilai Indikator Kinerja Pelaksanaan Anggaran (IKPA)', '2022'),
(8, 3, 'Kinerja implementasi WBK satker', '2022'),
(9, 3, 'Persentase Peningkatan kapasitas ASN sebanyak 20 JPL', '2022'),
(10, 4, 'Jumlah surveilans faktor risiko dan penyakit berbasis laboratorium yang dilaksanakan', '2022'),
(11, 4, 'Persentase rekomendasi hasil surveilans faktor risiko dan penyakit berbasis laboratorium yang dimanfaatkan', '2022'),
(12, 4, 'Persentase respon sinyal KLB/Bencana  kurang dari 24 jam', '2022'),
(13, 4, 'Teknologi Tepat Guna yang dihasilkan', '2022'),
(14, 4, 'Nilai kinerja  anggaran', '2022'),
(15, 4, 'Nilai Indikator Kinerja Pelaksanaan Anggaran (IKPA)', '2022'),
(16, 4, 'Kinerja implementasi WBK satker', '2022'),
(17, 4, 'Persentase Peningkatan kapasitas ASN sebanyak 20 JPL', '2022');

-- --------------------------------------------------------

--
-- Table structure for table `tbl_menu`
--

CREATE TABLE `tbl_menu` (
  `id_menu` int(11) NOT NULL,
  `title` varchar(50) NOT NULL,
  `url` varchar(30) NOT NULL,
  `icon` varchar(30) NOT NULL,
  `is_main_menu` int(11) NOT NULL,
  `is_aktif` enum('y','n') NOT NULL COMMENT 'y=yes,n=no'
) ENGINE=InnoDB DEFAULT CHARSET=latin1;

--
-- Dumping data for table `tbl_menu`
--

INSERT INTO `tbl_menu` (`id_menu`, `title`, `url`, `icon`, `is_main_menu`, `is_aktif`) VALUES
(1, 'Dashboard', 'welcome', 'fa fa-home', 0, 'y'),
(2, 'KELOLA MENU', 'kelolamenu', 'fa fa-server', 0, 'y'),
(3, 'KELOLA PENGGUNA', 'user', 'fa fa-user-o', 0, 'y'),
(4, 'level PENGGUNA', 'userlevel', 'fa fa-users', 0, 'y'),
(10, 'Master Indikator', 'indikator', 'fa fa-caret-right', 11, 'y'),
(11, 'Master', '#', 'fa fa-caret-square-o-right', 0, 'y'),
(12, 'Master Satker', 'satker', 'fa fa-caret-right', 11, 'y'),
(13, 'Target', 'target', 'fa fa-caret-right', 14, 'y'),
(14, 'Pemantik', '#', 'fa fa-caret-square-o-right', 0, 'y'),
(16, 'Realisasi', 'realisasi', 'fa fa-caret-right', 14, 'y'),
(17, 'Analisis Capaian', 'analisis', 'fa fa-caret-right', 14, 'y'),
(18, 'Tasks/Tugas', 'rtlanjut', 'fa fa-caret-right', 14, 'y'),
(19, 'Rencana Tindak Lanjut', 'rtlstrategi', 'fa fa-caret-right', 14, 'y'),
(20, 'Perbaharui Rencana TL', 'updatertl', 'fa fa-caret-right', 14, 'y'),
(21, 'Monitoring dan Evaluasi', 'arahankasat', 'fa fa-caret-right', 14, 'y'),
(22, 'Pelaporan', 'pelaporan', 'fa fa-caret-right', 14, 'y'),
(26, 'Monitoring Satker', 'msatker', 'fa fa-caret-right', 0, 'y');

-- --------------------------------------------------------

--
-- Table structure for table `tbl_monitoring`
--

CREATE TABLE `tbl_monitoring` (
  `id_monitoring` int(11) NOT NULL,
  `id_analisis` int(11) NOT NULL,
  `id_tasks` int(11) NOT NULL,
  `id_satker` int(11) NOT NULL,
  `rtl_strategi` text NOT NULL,
  `potential_blocker` text NOT NULL,
  `pic` text NOT NULL,
  `tgl_start` date NOT NULL,
  `tgl_deadline` date NOT NULL,
  `tgl_tercapai` date DEFAULT NULL,
  `upload_bukti` varchar(255) NOT NULL,
  `catatan_pic` text NOT NULL,
  `status` enum('0','1','2') NOT NULL COMMENT '0=no,1=yes, 2=ok',
  `ara_kasatker` text NOT NULL
) ENGINE=InnoDB DEFAULT CHARSET=utf8mb4;

--
-- Dumping data for table `tbl_monitoring`
--

INSERT INTO `tbl_monitoring` (`id_monitoring`, `id_analisis`, `id_tasks`, `id_satker`, `rtl_strategi`, `potential_blocker`, `pic`, `tgl_start`, `tgl_deadline`, `tgl_tercapai`, `upload_bukti`, `catatan_pic`, `status`, `ara_kasatker`) VALUES
(2, 6, 10, 1, 'SDM lagi 3', 'SDM lagi 3', 'Kepala', '2022-09-12', '2022-09-17', '2022-10-22', 'verbal_konfirmasi_lapangan_PTM1.pdf', 'Sudah upload', '2', 'hasil sudah di upload'),
(3, 6, 10, 1, 'SDM lagi 3 33', 'SDM lagi 3 33', 'Kepala', '2022-09-12', '2022-10-20', '2022-10-22', '', 'tes', '1', ''),
(4, 7, 8, 1, 'SDM Februari', 'SDM Februari', 'Kepala', '2022-09-12', '2022-10-24', '2022-10-22', '', 'jkkj', '1', 'jkjj'),
(5, 11, 5, 1, 'Nilai Januari 1', 'Nilai Januari 1', 'kepala', '2022-09-12', '2022-10-24', NULL, '', '', '0', ''),
(8, 25, 14, 3, 'rgergregr', 'egregrg', 'ergerg', '2022-10-22', '2022-10-26', NULL, '', '', '0', ''),
(9, 25, 14, 3, 'few tew twet', 'ewt wet wet', 'ewt we', '2022-10-22', '2022-10-24', NULL, '', '', '0', '');

-- --------------------------------------------------------

--
-- Table structure for table `tbl_satker`
--

CREATE TABLE `tbl_satker` (
  `id_satker` int(11) NOT NULL,
  `id_user_level` int(11) NOT NULL,
  `satker` text NOT NULL
) ENGINE=InnoDB DEFAULT CHARSET=utf8mb4;

--
-- Dumping data for table `tbl_satker`
--

INSERT INTO `tbl_satker` (`id_satker`, `id_user_level`, `satker`) VALUES
(1, 3, 'KKP Kelas I Makassar'),
(2, 3, 'KKP Kelas I Denpasar'),
(3, 3, 'KKP Kelas I Batam'),
(5, 4, 'BBTKLPP Banjarbaru'),
(6, 4, 'BBTKLPP Jakarta'),
(7, 9, 'Direktorat Surkakes'),
(8, 8, 'Direktorat Penyehatan Lingkungan'),
(9, 7, 'Direktorat Pengelolaan Imunisasi'),
(10, 6, 'Direktorat P2PTM'),
(11, 5, 'Direktorat P2PM'),
(12, 1, 'Super Admin');

-- --------------------------------------------------------

--
-- Table structure for table `tbl_setting`
--

CREATE TABLE `tbl_setting` (
  `id_setting` int(11) NOT NULL,
  `nama_setting` varchar(50) NOT NULL,
  `value` varchar(40) NOT NULL
) ENGINE=InnoDB DEFAULT CHARSET=latin1;

--
-- Dumping data for table `tbl_setting`
--

INSERT INTO `tbl_setting` (`id_setting`, `nama_setting`, `value`) VALUES
(1, 'Tampil Menu', 'ya');

-- --------------------------------------------------------

--
-- Table structure for table `tbl_tahun`
--

CREATE TABLE `tbl_tahun` (
  `tahun` varchar(5) NOT NULL
) ENGINE=InnoDB DEFAULT CHARSET=utf8mb4;

-- --------------------------------------------------------

--
-- Table structure for table `tbl_target`
--

CREATE TABLE `tbl_target` (
  `id_target` int(11) NOT NULL,
  `id_indikator` int(11) NOT NULL,
  `id_satker` int(11) NOT NULL,
  `bulan` varchar(255) NOT NULL,
  `target` decimal(7,2) NOT NULL,
  `realisasi` decimal(7,2) NOT NULL,
  `capaian` decimal(7,2) NOT NULL
) ENGINE=InnoDB DEFAULT CHARSET=utf8mb4;

--
-- Dumping data for table `tbl_target`
--

INSERT INTO `tbl_target` (`id_target`, `id_indikator`, `id_satker`, `bulan`, `target`, `realisasi`, `capaian`) VALUES
(2, 2, 3, '1', '1.00', '1.00', '1.00'),
(5, 4, 1, '2', '1.00', '1.00', '1.00'),
(7, 4, 1, '1', '100.00', '2.00', '2.00'),
(8, 9, 1, '1', '10.00', '90.00', '900.00'),
(9, 6, 1, '1', '20.00', '50.00', '250.00'),
(10, 6, 1, '2', '90.00', '0.00', '0.00'),
(11, 9, 1, '2', '60.00', '0.00', '0.00'),
(12, 2, 3, '2', '3.22', '0.00', '0.00');

-- --------------------------------------------------------

--
-- Table structure for table `tbl_tasks`
--

CREATE TABLE `tbl_tasks` (
  `id_tasks` int(11) NOT NULL,
  `id_analisis` int(11) NOT NULL,
  `id_satker` int(11) NOT NULL,
  `tasks` text NOT NULL
) ENGINE=InnoDB DEFAULT CHARSET=utf8mb4;

--
-- Dumping data for table `tbl_tasks`
--

INSERT INTO `tbl_tasks` (`id_tasks`, `id_analisis`, `id_satker`, `tasks`) VALUES
(1, 17, 1, 'Tasks 20 JPL Januari Pelatihan SDm'),
(2, 22, 1, 'Tasks 20 JPL Januari Pelatihan SDM'),
(3, 17, 1, 'Tasks 20 JPL Januari Pelatihan SDM DUA'),
(4, 22, 1, '20 JPL Februari  Menghimbau pegawai'),
(5, 11, 1, 'nilai januari pelaporan'),
(6, 11, 1, 'nilai januari pelaporan dua'),
(7, 24, 1, 'Nambah jadi satu'),
(8, 7, 1, 'Presentase februari keterbatasan SDM'),
(9, 19, 1, 'koordinasi'),
(10, 6, 1, 'SDM lagi Update 3'),
(11, 24, 1, 'jan'),
(12, 6, 1, 'SDM'),
(13, 7, 1, 'Wilker'),
(14, 25, 3, 'dfghjmk,l;');

-- --------------------------------------------------------

--
-- Table structure for table `tbl_user`
--

CREATE TABLE `tbl_user` (
  `id_users` int(11) NOT NULL,
  `idsatker` int(11) NOT NULL,
  `full_name` varchar(50) NOT NULL,
  `email` varchar(50) NOT NULL,
  `password` varchar(255) NOT NULL,
  `images` text NOT NULL DEFAULT 'profile.png',
  `id_user_level` int(11) NOT NULL,
  `is_aktif` enum('y','n') NOT NULL,
  `jabatan` enum('0','1','2') NOT NULL
) ENGINE=InnoDB DEFAULT CHARSET=latin1;

--
-- Dumping data for table `tbl_user`
--

INSERT INTO `tbl_user` (`id_users`, `idsatker`, `full_name`, `email`, `password`, `images`, `id_user_level`, `is_aktif`, `jabatan`) VALUES
(1, 12, 'Super Admin', 'superadmin@gmail.com', '$2y$04$Wbyfv4xwihb..POfhxY5Y.jHOJqEFIG3dLfBYwAmnOACpH0EWCCdq', 'atomix_user31.png', 1, 'y', '0'),
(3, 12, 'Admin', 'admin@gmail.com', '$2y$04$Wbyfv4xwihb..POfhxY5Y.jHOJqEFIG3dLfBYwAmnOACpH0EWCCdq', '7.png', 2, 'y', '0'),
(7, 1, 'KKP Kelas I Makassar', 'kk1@mail.com', '$2y$04$KmI1/9en9Ml0pVuOxQmME.38NngH505rTS40G0KzkUHTtwes4Nm7u', 'atomix_user311.png', 3, 'y', '2'),
(8, 3, 'KKP Kelas I Batam', 'kk2@mail.com', '$2y$04$R5FxsCLOqRSk/ErY1moQPe29bDaFXYP/D13ybVGr1hm7f0UGs0V2S', 'profile.png', 3, 'y', '2'),
(10, 5, 'BBTKLPP Banjarbaru', 'ewe@hjk.ll', '$2y$04$QZiE9ih5tRIUcK58/s9vq.dIq9uzTGs5qbHB3k9p1IGjZa7NW/T46', 'profile.png', 3, 'y', '2'),
(11, 1, 'Kepala KKP Kelas 1 makasar', 'kk11@mail.com', '$2y$04$zeEx91urEMq5mKRmJsghiesUJfsW1ZnaBi4GCZQdquv1MVxHCnUeS', 'profile.png', 3, 'y', '1'),
(15, 12, 'Admin Monev', 'monev@mail.com', '$2y$04$ubu5ESb8UB.Vty7rgGTY/eudHS11lhxeZW1rLZP665Nw/1jq4aaC2', 'profile.png', 2, 'y', '0'),
(16, 3, 'Kepala KKP Kelas I Batam', 'kk22@mail.com', '$2y$04$R5FxsCLOqRSk/ErY1moQPe29bDaFXYP/D13ybVGr1hm7f0UGs0V2S', 'profile.png', 3, 'y', '1');

-- --------------------------------------------------------

--
-- Table structure for table `tbl_user_level`
--

CREATE TABLE `tbl_user_level` (
  `id_user_level` int(11) NOT NULL,
  `nama_level` varchar(30) NOT NULL
) ENGINE=InnoDB DEFAULT CHARSET=latin1;

--
-- Dumping data for table `tbl_user_level`
--

INSERT INTO `tbl_user_level` (`id_user_level`, `nama_level`) VALUES
(1, 'Super Admin'),
(2, 'Admin'),
(3, 'KKP'),
(4, 'B/BTKLPP'),
(5, 'Dit P2PM'),
(6, 'Dit P2PTM'),
(7, 'Dit Pengelolaan Imunisasi'),
(8, 'Dit PL'),
(9, 'Dit Surkarkes');

--
-- Indexes for dumped tables
--

--
-- Indexes for table `contoh`
--
ALTER TABLE `contoh`
  ADD PRIMARY KEY (`idconoth`);

--
-- Indexes for table `pemantik_sess`
--
ALTER TABLE `pemantik_sess`
  ADD KEY `ci_sessions_timestamp` (`timestamp`);

--
-- Indexes for table `tbl_analisis`
--
ALTER TABLE `tbl_analisis`
  ADD PRIMARY KEY (`id_analisis`),
  ADD KEY `id_indikator` (`id_indikator`),
  ADD KEY `id_satker` (`id_satker`);

--
-- Indexes for table `tbl_hak_akses`
--
ALTER TABLE `tbl_hak_akses`
  ADD PRIMARY KEY (`id`);

--
-- Indexes for table `tbl_indikator`
--
ALTER TABLE `tbl_indikator`
  ADD PRIMARY KEY (`id_indikator`),
  ADD KEY `idulevel` (`id_user_level`);

--
-- Indexes for table `tbl_menu`
--
ALTER TABLE `tbl_menu`
  ADD PRIMARY KEY (`id_menu`);

--
-- Indexes for table `tbl_monitoring`
--
ALTER TABLE `tbl_monitoring`
  ADD PRIMARY KEY (`id_monitoring`),
  ADD KEY `id_analisis` (`id_analisis`),
  ADD KEY `id_satker` (`id_satker`),
  ADD KEY `id_tasks` (`id_tasks`);

--
-- Indexes for table `tbl_satker`
--
ALTER TABLE `tbl_satker`
  ADD PRIMARY KEY (`id_satker`),
  ADD KEY `tbl_satker_ibfk_1` (`id_user_level`);

--
-- Indexes for table `tbl_setting`
--
ALTER TABLE `tbl_setting`
  ADD PRIMARY KEY (`id_setting`);

--
-- Indexes for table `tbl_target`
--
ALTER TABLE `tbl_target`
  ADD PRIMARY KEY (`id_target`),
  ADD KEY `id_indikator` (`id_indikator`),
  ADD KEY `id_groupsatker` (`id_satker`);

--
-- Indexes for table `tbl_tasks`
--
ALTER TABLE `tbl_tasks`
  ADD PRIMARY KEY (`id_tasks`),
  ADD KEY `id_analisis` (`id_analisis`),
  ADD KEY `id_satker` (`id_satker`);

--
-- Indexes for table `tbl_user`
--
ALTER TABLE `tbl_user`
  ADD PRIMARY KEY (`id_users`),
  ADD KEY `idsatker` (`idsatker`);

--
-- Indexes for table `tbl_user_level`
--
ALTER TABLE `tbl_user_level`
  ADD PRIMARY KEY (`id_user_level`);

--
-- AUTO_INCREMENT for dumped tables
--

--
-- AUTO_INCREMENT for table `contoh`
--
ALTER TABLE `contoh`
  MODIFY `idconoth` int(11) NOT NULL AUTO_INCREMENT, AUTO_INCREMENT=3;

--
-- AUTO_INCREMENT for table `tbl_analisis`
--
ALTER TABLE `tbl_analisis`
  MODIFY `id_analisis` int(11) NOT NULL AUTO_INCREMENT, AUTO_INCREMENT=26;

--
-- AUTO_INCREMENT for table `tbl_hak_akses`
--
ALTER TABLE `tbl_hak_akses`
  MODIFY `id` int(11) NOT NULL AUTO_INCREMENT, AUTO_INCREMENT=86;

--
-- AUTO_INCREMENT for table `tbl_indikator`
--
ALTER TABLE `tbl_indikator`
  MODIFY `id_indikator` int(11) NOT NULL AUTO_INCREMENT, AUTO_INCREMENT=19;

--
-- AUTO_INCREMENT for table `tbl_menu`
--
ALTER TABLE `tbl_menu`
  MODIFY `id_menu` int(11) NOT NULL AUTO_INCREMENT, AUTO_INCREMENT=27;

--
-- AUTO_INCREMENT for table `tbl_monitoring`
--
ALTER TABLE `tbl_monitoring`
  MODIFY `id_monitoring` int(11) NOT NULL AUTO_INCREMENT, AUTO_INCREMENT=10;

--
-- AUTO_INCREMENT for table `tbl_satker`
--
ALTER TABLE `tbl_satker`
  MODIFY `id_satker` int(11) NOT NULL AUTO_INCREMENT, AUTO_INCREMENT=14;

--
-- AUTO_INCREMENT for table `tbl_setting`
--
ALTER TABLE `tbl_setting`
  MODIFY `id_setting` int(11) NOT NULL AUTO_INCREMENT, AUTO_INCREMENT=2;

--
-- AUTO_INCREMENT for table `tbl_target`
--
ALTER TABLE `tbl_target`
  MODIFY `id_target` int(11) NOT NULL AUTO_INCREMENT, AUTO_INCREMENT=13;

--
-- AUTO_INCREMENT for table `tbl_tasks`
--
ALTER TABLE `tbl_tasks`
  MODIFY `id_tasks` int(11) NOT NULL AUTO_INCREMENT, AUTO_INCREMENT=15;

--
-- AUTO_INCREMENT for table `tbl_user`
--
ALTER TABLE `tbl_user`
  MODIFY `id_users` int(11) NOT NULL AUTO_INCREMENT, AUTO_INCREMENT=17;

--
-- AUTO_INCREMENT for table `tbl_user_level`
--
ALTER TABLE `tbl_user_level`
  MODIFY `id_user_level` int(11) NOT NULL AUTO_INCREMENT, AUTO_INCREMENT=11;

--
-- Constraints for dumped tables
--

--
-- Constraints for table `tbl_analisis`
--
ALTER TABLE `tbl_analisis`
  ADD CONSTRAINT `tbl_analisis_ibfk_1` FOREIGN KEY (`id_indikator`) REFERENCES `tbl_indikator` (`id_indikator`) ON DELETE CASCADE,
  ADD CONSTRAINT `tbl_analisis_ibfk_2` FOREIGN KEY (`id_satker`) REFERENCES `tbl_satker` (`id_satker`) ON DELETE CASCADE;

--
-- Constraints for table `tbl_indikator`
--
ALTER TABLE `tbl_indikator`
  ADD CONSTRAINT `tbl_indikator_ibfk_1` FOREIGN KEY (`id_user_level`) REFERENCES `tbl_user_level` (`id_user_level`) ON DELETE NO ACTION;

--
-- Constraints for table `tbl_monitoring`
--
ALTER TABLE `tbl_monitoring`
  ADD CONSTRAINT `tbl_monitoring_ibfk_1` FOREIGN KEY (`id_analisis`) REFERENCES `tbl_analisis` (`id_analisis`) ON DELETE CASCADE,
  ADD CONSTRAINT `tbl_monitoring_ibfk_2` FOREIGN KEY (`id_satker`) REFERENCES `tbl_satker` (`id_satker`) ON DELETE CASCADE,
  ADD CONSTRAINT `tbl_monitoring_ibfk_3` FOREIGN KEY (`id_tasks`) REFERENCES `tbl_tasks` (`id_tasks`) ON DELETE CASCADE;

--
-- Constraints for table `tbl_satker`
--
ALTER TABLE `tbl_satker`
  ADD CONSTRAINT `tbl_satker_ibfk_1` FOREIGN KEY (`id_user_level`) REFERENCES `tbl_user_level` (`id_user_level`) ON DELETE NO ACTION;

--
-- Constraints for table `tbl_target`
--
ALTER TABLE `tbl_target`
  ADD CONSTRAINT `tbl_target_ibfk_1` FOREIGN KEY (`id_indikator`) REFERENCES `tbl_indikator` (`id_indikator`) ON DELETE CASCADE,
  ADD CONSTRAINT `tbl_target_ibfk_2` FOREIGN KEY (`id_satker`) REFERENCES `tbl_satker` (`id_satker`) ON DELETE NO ACTION;

--
-- Constraints for table `tbl_tasks`
--
ALTER TABLE `tbl_tasks`
  ADD CONSTRAINT `tbl_tasks_ibfk_1` FOREIGN KEY (`id_analisis`) REFERENCES `tbl_analisis` (`id_analisis`) ON DELETE CASCADE,
  ADD CONSTRAINT `tbl_tasks_ibfk_2` FOREIGN KEY (`id_satker`) REFERENCES `tbl_satker` (`id_satker`) ON DELETE CASCADE;

--
-- Constraints for table `tbl_user`
--
ALTER TABLE `tbl_user`
  ADD CONSTRAINT `tbl_user_ibfk_1` FOREIGN KEY (`idsatker`) REFERENCES `tbl_satker` (`id_satker`) ON DELETE CASCADE;
COMMIT;

/*!40101 SET CHARACTER_SET_CLIENT=@OLD_CHARACTER_SET_CLIENT */;
/*!40101 SET CHARACTER_SET_RESULTS=@OLD_CHARACTER_SET_RESULTS */;
/*!40101 SET COLLATION_CONNECTION=@OLD_COLLATION_CONNECTION */;
